{
"autoplayBgm":false,"autoplayBgs":false,"battleback1Name":"","battleback2Name":"","bgm":{"name":"","pan":0,"pitch":100,"volume":90},"bgs":{"name":"","pan":0,"pitch":100,"volume":90},"disableDashing":false,"displayName":"Tips","encounterList":[],"encounterStep":30,"height":10,"note":"","parallaxLoopX":false,"parallaxLoopY":false,"parallaxName":"","parallaxShow":true,"parallaxSx":0,"parallaxSy":0,"scrollType":0,"specifyBattleback":false,"tilesetId":2,"width":13,
"data":[7664,7668,7692,7692,7692,7702,2848,7704,7692,7692,7692,7672,7664,7668,7702,8050,8050,8050,8054,2848,8051,8050,8050,8050,7704,7672,7688,8054,8056,8056,8056,8060,2848,8057,8056,8056,8056,8051,7680,7688,8060,2850,2836,2836,2836,2819,2836,2836,2836,2852,8057,7680,7688,2850,2817,2816,2816,2816,2816,2816,2816,2816,2818,2852,7680,7688,2832,2816,2816,2816,2816,2816,2816,2816,2816,2816,2840,7680,7688,2856,2824,2816,2816,2816,2816,2816,2816,2816,2820,2854,7680,7666,7700,2856,2824,2816,2816,2816,2816,2816,2820,2854,7698,7665,7664,7666,7700,2856,2844,2844,2844,2844,2844,2854,7698,7665,7664,7664,7664,7666,7684,7684,7684,7684,7684,7684,7684,7665,7664,7664,0,0,0,0,0,0,0,0,0,0,0,0,0,0,0,0,0,0,0,0,0,0,0,0,0,0,0,0,0,0,0,0,0,0,0,0,0,0,0,0,0,0,0,0,0,0,0,0,0,0,0,0,0,0,0,0,0,0,0,0,0,0,0,0,0,0,0,0,0,0,0,0,0,0,0,0,0,0,0,0,0,0,0,0,0,0,0,0,0,0,0,0,0,0,0,0,0,0,0,0,0,0,0,0,0,0,0,0,0,0,0,0,0,0,0,0,0,0,0,0,0,0,0,0,0,0,0,0,0,0,0,0,0,0,0,0,0,0,0,0,0,0,0,0,0,0,0,0,0,0,0,0,0,0,0,0,0,0,0,0,0,0,0,0,0,0,0,0,0,0,0,0,0,0,0,0,0,0,0,0,0,0,0,0,0,0,0,0,0,0,0,0,0,0,0,0,0,0,0,0,0,0,0,0,0,0,0,0,0,0,0,0,0,0,0,0,0,0,0,0,0,0,0,0,0,0,0,0,0,0,0,0,0,0,0,0,0,0,0,0,0,0,0,0,0,0,0,0,0,0,0,0,0,0,0,0,0,0,0,0,0,0,0,0,0,0,0,0,0,0,0,0,0,0,0,0,0,0,0,0,0,0,0,0,0,0,0,0,0,0,0,0,0,0,0,0,0,0,0,0,0,0,0,0,0,0,0,0,0,0,0,0,0,0,0,0,0,0,0,0,0,0,0,0,0,0,0,0,0,0,0,0,0,0,0,0,0,0,0,0,0,0,0,0,0,0,0,0,0,0,0,0,0,0,0,0,0,0,0,0,0,0,0,0,0,0,0,0,0,0,0,0,0,0,0,0,0,0,0,0,0,0,0,0,0,0,0,0,0,0,0,0,0,0,0,0,5,0,0,0,0,0,0,0,0,0,0,0,0,5,0,0,0,0,0,0,0,0,0,0,0,0,5,0,0,0,0,0,0,0,0,5,0,0,0,0,0,0,0,0,0,0,0,5,0,0,0,0,0,0,0,0,0,0,0,0,5,0,0,0,0,0,0,0,0,0,0,0,0,5,0,0,0,0,0,0,0,0,0,0,0,0,0,0,0,0,0,0,0,0,0,0,0,0,0,0,0,0,0,0,0,0,0,0,0,0,0,0,0,0,0,0,0,0,0,0,0,0,0,0,0,0,0,0,0,0,0,0,0,0,0,0,0,0,0,0,0,0,0,0,0,0,0,0,0,0,0,0,0,0,0,0,0,0,0,0,0,0,0,0,0,0,0,0,0,0,0,0,0,0,0,0,0,0,0,0,0,0,0,0,0,0,0,0,0,0,0,0,0,0,0,0,0,0,0,0,0,0,0,0,0,0,0,0,0,0,0,0,0,0,0,0,0,0,0,0,0,0,0,0,0,0,0,0,0,0,0,0,0,0,0,0,0,0,0,0,0,0,0,0,0,0,0,0,0,0,0,0,0,0],
"events":[
null,
{"id":1,"name":"Transfer","note":"","pages":[{"conditions":{"actorId":1,"actorValid":false,"itemId":1,"itemValid":false,"selfSwitchCh":"A","selfSwitchValid":false,"switch1Id":1,"switch1Valid":false,"switch2Id":1,"switch2Valid":false,"variableId":1,"variableValid":false,"variableValue":0},"directionFix":false,"image":{"characterIndex":0,"characterName":"","direction":2,"pattern":0,"tileId":0},"list":[{"code":201,"indent":0,"parameters":[0,3,9,12,0,0]},{"code":0,"indent":0,"parameters":[]}],"moveFrequency":3,"moveRoute":{"list":[{"code":0,"parameters":[]}],"repeat":true,"skippable":false,"wait":false},"moveSpeed":3,"moveType":0,"priorityType":0,"stepAnime":false,"through":false,"trigger":1,"walkAnime":true}],"x":6,"y":0},
{"id":2,"name":"Soft-locks","note":"","pages":[{"conditions":{"actorId":1,"actorValid":false,"itemId":1,"itemValid":false,"selfSwitchCh":"A","selfSwitchValid":false,"switch1Id":1,"switch1Valid":false,"switch2Id":1,"switch2Valid":false,"variableId":1,"variableValid":false,"variableValue":0},"directionFix":false,"image":{"tileId":0,"characterName":"Evil","direction":2,"pattern":1,"characterIndex":4},"list":[{"code":101,"indent":0,"parameters":["Evil",4,0,2]},{"code":401,"indent":0,"parameters":["Talents should rarely, if ever, be used as"]},{"code":401,"indent":0,"parameters":["a soft-lock for story progression.  You"]},{"code":401,"indent":0,"parameters":["could accidentally prevent your players"]},{"code":401,"indent":0,"parameters":["from advancing if they don't build the"]},{"code":101,"indent":0,"parameters":["Evil",4,0,2]},{"code":401,"indent":0,"parameters":["correct Talents.  If you insist on doing"]},{"code":401,"indent":0,"parameters":["something like this, make sure at least one"]},{"code":401,"indent":0,"parameters":["actor has the associated Talent as a"]},{"code":401,"indent":0,"parameters":["\\c[2]Signature Talent\\c[0] to gaurantee that"]},{"code":101,"indent":0,"parameters":["Evil",4,0,2]},{"code":401,"indent":0,"parameters":["the player will be able to make it through"]},{"code":401,"indent":0,"parameters":["your soft-lock simply through leveling."]},{"code":0,"indent":0,"parameters":[]}],"moveFrequency":3,"moveRoute":{"list":[{"code":0,"parameters":[]}],"repeat":true,"skippable":false,"wait":false},"moveSpeed":3,"moveType":0,"priorityType":1,"stepAnime":true,"through":false,"trigger":0,"walkAnime":true}],"x":2,"y":4},
{"id":3,"name":"Other Params","note":"","pages":[{"conditions":{"actorId":1,"actorValid":false,"itemId":1,"itemValid":false,"selfSwitchCh":"A","selfSwitchValid":false,"switch1Id":1,"switch1Valid":false,"switch2Id":1,"switch2Valid":false,"variableId":1,"variableValid":false,"variableValue":0},"directionFix":false,"image":{"tileId":0,"characterName":"Evil","direction":2,"pattern":1,"characterIndex":0},"list":[{"code":101,"indent":0,"parameters":["Evil",0,0,2]},{"code":401,"indent":0,"parameters":["There are many more parameters that you can"]},{"code":401,"indent":0,"parameters":["configure in this plugin that isn't covered"]},{"code":401,"indent":0,"parameters":["in this demo.  Most of those are pretty "]},{"code":401,"indent":0,"parameters":["easy to understand so just experiment."]},{"code":0,"indent":0,"parameters":[]}],"moveFrequency":3,"moveRoute":{"list":[{"code":0,"parameters":[]}],"repeat":true,"skippable":false,"wait":false},"moveSpeed":3,"moveType":0,"priorityType":1,"stepAnime":true,"through":false,"trigger":0,"walkAnime":true}],"x":4,"y":8},
{"id":4,"name":"Races","note":"","pages":[{"conditions":{"actorId":1,"actorValid":false,"itemId":1,"itemValid":false,"selfSwitchCh":"A","selfSwitchValid":false,"switch1Id":1,"switch1Valid":false,"switch2Id":1,"switch2Valid":false,"variableId":1,"variableValid":false,"variableValue":0},"directionFix":false,"image":{"tileId":0,"characterName":"Evil","direction":2,"pattern":1,"characterIndex":6},"list":[{"code":101,"indent":0,"parameters":["Evil",6,0,2]},{"code":401,"indent":0,"parameters":["The \\c[2]Race Config\\c[0] parameter requires"]},{"code":401,"indent":0,"parameters":["that you install the FROG_RaceCore plugin."]},{"code":401,"indent":0,"parameters":["It's the plugin that allows you to create"]},{"code":401,"indent":0,"parameters":["races for your game."]},{"code":101,"indent":0,"parameters":["Evil",6,0,2]},{"code":401,"indent":0,"parameters":["This plugin can extend the functionality of"]},{"code":401,"indent":0,"parameters":["FROG_RaceCore to grant point and talent"]},{"code":401,"indent":0,"parameters":["bonuses and penalties."]},{"code":0,"indent":0,"parameters":[]}],"moveFrequency":3,"moveRoute":{"list":[{"code":0,"parameters":[]}],"repeat":true,"skippable":false,"wait":false},"moveSpeed":3,"moveType":0,"priorityType":1,"stepAnime":true,"through":false,"trigger":0,"walkAnime":true}],"x":2,"y":6},
{"id":5,"name":"Formulas","note":"","pages":[{"conditions":{"actorId":1,"actorValid":false,"itemId":1,"itemValid":false,"selfSwitchCh":"A","selfSwitchValid":false,"switch1Id":1,"switch1Valid":false,"switch2Id":1,"switch2Valid":false,"variableId":1,"variableValid":false,"variableValue":0},"directionFix":false,"image":{"tileId":0,"characterName":"Evil","direction":2,"pattern":1,"characterIndex":2},"list":[{"code":101,"indent":0,"parameters":["Evil",2,0,2]},{"code":401,"indent":0,"parameters":["As long as \\c[2]Add to Formulas\\c[0] is set to"]},{"code":401,"indent":0,"parameters":["true, you can use Talent Abbreviations in"]},{"code":401,"indent":0,"parameters":["formula boxes."]},{"code":101,"indent":0,"parameters":["Evil",2,0,2]},{"code":401,"indent":0,"parameters":["So if you wanted the Arcana Talent to"]},{"code":401,"indent":0,"parameters":["increase spell damage, you could change the"]},{"code":401,"indent":0,"parameters":["formula for fire to something like this."]},{"code":401,"indent":0,"parameters":["100 + a.mat * 2 + (a.arca * 3) - b.mdf * 2"]},{"code":101,"indent":0,"parameters":["Evil",2,0,2]},{"code":401,"indent":0,"parameters":["100 + a.mat * 2 + (a.arca * 3) - b.mdf * 2"]},{"code":401,"indent":0,"parameters":["This would multiply the actor's Arcana"]},{"code":401,"indent":0,"parameters":["Talent by three and add it to the damage."]},{"code":0,"indent":0,"parameters":[]}],"moveFrequency":3,"moveRoute":{"list":[{"code":0,"parameters":[]}],"repeat":true,"skippable":false,"wait":false},"moveSpeed":3,"moveType":0,"priorityType":1,"stepAnime":true,"through":false,"trigger":0,"walkAnime":true}],"x":9,"y":7},
{"id":6,"name":"Create Your Own Talents","note":"","pages":[{"conditions":{"actorId":1,"actorValid":false,"itemId":1,"itemValid":false,"selfSwitchCh":"A","selfSwitchValid":false,"switch1Id":1,"switch1Valid":false,"switch2Id":1,"switch2Valid":false,"variableId":1,"variableValid":false,"variableValue":0},"directionFix":false,"image":{"tileId":0,"characterName":"Evil","direction":2,"pattern":1,"characterIndex":3},"list":[{"code":101,"indent":0,"parameters":["Evil",3,0,2]},{"code":401,"indent":0,"parameters":["Don't like the default Talents? No problem."]},{"code":401,"indent":0,"parameters":["You can create what Talents you want for"]},{"code":401,"indent":0,"parameters":["your game.  The defaults are just there"]},{"code":401,"indent":0,"parameters":["to get you familiarized with the plugin."]},{"code":101,"indent":0,"parameters":["Evil",3,0,2]},{"code":401,"indent":0,"parameters":["You could easily turn this plugin into a"]},{"code":401,"indent":0,"parameters":["Virtue system like in the old Ultima games."]},{"code":401,"indent":0,"parameters":["Or maybe you need these to be personality"]},{"code":401,"indent":0,"parameters":["traits for dating simulator. It's up to you."]},{"code":101,"indent":0,"parameters":["Evil",3,0,2]},{"code":401,"indent":0,"parameters":["You could even morph this into a type of"]},{"code":401,"indent":0,"parameters":["Job system if you also install the"]},{"code":401,"indent":0,"parameters":["FROG_TalentBasedTraits plugin.  It adds"]},{"code":401,"indent":0,"parameters":["Traits to actors based on Talent level."]},{"code":0,"indent":0,"parameters":[]}],"moveFrequency":3,"moveRoute":{"list":[{"code":0,"parameters":[]}],"repeat":true,"skippable":false,"wait":false},"moveSpeed":3,"moveType":0,"priorityType":1,"stepAnime":true,"through":false,"trigger":0,"walkAnime":true}],"x":10,"y":6},
{"id":7,"name":"System Mode","note":"","pages":[{"conditions":{"actorId":1,"actorValid":false,"itemId":1,"itemValid":false,"selfSwitchCh":"A","selfSwitchValid":false,"switch1Id":1,"switch1Valid":false,"switch2Id":1,"switch2Valid":false,"variableId":1,"variableValid":false,"variableValue":0},"directionFix":false,"image":{"tileId":0,"characterName":"Evil","direction":2,"pattern":1,"characterIndex":7},"list":[{"code":101,"indent":0,"parameters":["Evil",7,0,2]},{"code":401,"indent":0,"parameters":["If you want to build a system where the"]},{"code":401,"indent":0,"parameters":["player builds their Talents a way other"]},{"code":401,"indent":0,"parameters":["than applying points as they wish, set the"]},{"code":401,"indent":0,"parameters":["\\c[2]System Mode\\c[0] parameter to VIEW."]},{"code":101,"indent":0,"parameters":["Evil",7,0,2]},{"code":401,"indent":0,"parameters":["The player can still see their Talent "]},{"code":401,"indent":0,"parameters":["levels but the game itself will control how"]},{"code":401,"indent":0,"parameters":["they advance in Rank.  Use the Plugin"]},{"code":401,"indent":0,"parameters":["Commands to add or remove Ranks in whatever"]},{"code":101,"indent":0,"parameters":["Evil",7,0,2]},{"code":401,"indent":0,"parameters":["manner works best for your game.  Maybe"]},{"code":401,"indent":0,"parameters":["the choices the characters make in the"]},{"code":401,"indent":0,"parameters":["game increase or decrease their Talents"]},{"code":401,"indent":0,"parameters":["as we saw with Alignment earlier."]},{"code":0,"indent":0,"parameters":[]}],"moveFrequency":3,"moveRoute":{"list":[{"code":0,"parameters":[]}],"repeat":true,"skippable":false,"wait":false},"moveSpeed":3,"moveType":0,"priorityType":1,"stepAnime":true,"through":false,"trigger":0,"walkAnime":true}],"x":10,"y":4},
{"id":8,"name":"Named Checks & Modifiers","note":"","pages":[{"conditions":{"actorId":1,"actorValid":false,"itemId":1,"itemValid":false,"selfSwitchCh":"A","selfSwitchValid":false,"switch1Id":1,"switch1Valid":false,"switch2Id":1,"switch2Valid":false,"variableId":1,"variableValid":false,"variableValue":0},"directionFix":false,"image":{"tileId":0,"characterName":"Evil","direction":2,"pattern":1,"characterIndex":5},"list":[{"code":101,"indent":0,"parameters":["Evil",5,0,2]},{"code":401,"indent":0,"parameters":["Named Checks and Modifiers are a handy time-"]},{"code":401,"indent":0,"parameters":["saving option.  Any Talent Check you use"]},{"code":401,"indent":0,"parameters":["a lot can be given a name and that name can"]},{"code":401,"indent":0,"parameters":["be used as the Target Number."]},{"code":101,"indent":0,"parameters":["Evil",5,0,2]},{"code":401,"indent":0,"parameters":["If finding a Secret Door will always be a "]},{"code":401,"indent":0,"parameters":["Target Number of 12, you can define that in"]},{"code":401,"indent":0,"parameters":["the plugin parameters.  If you later decide"]},{"code":401,"indent":0,"parameters":["that this is too high or low, you can just"]},{"code":101,"indent":0,"parameters":["Evil",5,0,2]},{"code":401,"indent":0,"parameters":["change it once in the plugin parameters"]},{"code":401,"indent":0,"parameters":["instead of having to find the Plugin"]},{"code":401,"indent":0,"parameters":["Commands for all of your Secret Doors and"]},{"code":401,"indent":0,"parameters":["change them all."]},{"code":101,"indent":0,"parameters":["Evil",5,0,2]},{"code":401,"indent":0,"parameters":["Named Modifiers serve a similar purpose."]},{"code":401,"indent":0,"parameters":["They can adjust a Target Number based on"]},{"code":401,"indent":0,"parameters":["some external factor.  A \"Darkness\" "]},{"code":401,"indent":0,"parameters":["modifier could add +5 to the Target Number"]},{"code":101,"indent":0,"parameters":["Evil",5,0,2]},{"code":401,"indent":0,"parameters":["If it is dark and difficult to see.  But if"]},{"code":401,"indent":0,"parameters":["the player lights a torch, maybe that"]},{"code":401,"indent":0,"parameters":["penalty is reduced or goes away."]},{"code":0,"indent":0,"parameters":[]}],"moveFrequency":3,"moveRoute":{"list":[{"code":0,"parameters":[]}],"repeat":true,"skippable":false,"wait":false},"moveSpeed":3,"moveType":0,"priorityType":1,"stepAnime":true,"through":false,"trigger":0,"walkAnime":true}],"x":3,"y":7},
{"id":9,"name":"Text and Colors","note":"","pages":[{"conditions":{"actorId":1,"actorValid":false,"itemId":1,"itemValid":false,"selfSwitchCh":"A","selfSwitchValid":false,"switch1Id":1,"switch1Valid":false,"switch2Id":1,"switch2Valid":false,"variableId":1,"variableValid":false,"variableValue":0},"directionFix":false,"image":{"tileId":0,"characterName":"Monster","direction":2,"pattern":1,"characterIndex":3},"list":[{"code":101,"indent":0,"parameters":["Monster",3,0,2]},{"code":401,"indent":0,"parameters":["Virtually every bit of text or color that"]},{"code":401,"indent":0,"parameters":["the Talent system displays can be "]},{"code":401,"indent":0,"parameters":["customized in the plugin parameters."]},{"code":0,"indent":0,"parameters":[]}],"moveFrequency":3,"moveRoute":{"list":[{"code":0,"parameters":[]}],"repeat":true,"skippable":false,"wait":false},"moveSpeed":3,"moveType":0,"priorityType":1,"stepAnime":true,"through":false,"trigger":0,"walkAnime":true}],"x":8,"y":8},
{"id":10,"name":"Enjoy","note":"","pages":[{"conditions":{"actorId":1,"actorValid":false,"itemId":1,"itemValid":false,"selfSwitchCh":"A","selfSwitchValid":false,"switch1Id":1,"switch1Valid":false,"switch2Id":1,"switch2Valid":false,"variableId":1,"variableValid":false,"variableValue":0},"directionFix":false,"image":{"tileId":0,"characterName":"Monster","direction":2,"pattern":1,"characterIndex":7},"list":[{"code":101,"indent":0,"parameters":["Monster",7,0,2]},{"code":401,"indent":0,"parameters":["I hope you like this plugin!  I can't wait "]},{"code":401,"indent":0,"parameters":["to see what you make with it."]},{"code":0,"indent":0,"parameters":[]}],"moveFrequency":3,"moveRoute":{"list":[{"code":0,"parameters":[]}],"repeat":true,"skippable":false,"wait":false},"moveSpeed":3,"moveType":0,"priorityType":1,"stepAnime":true,"through":false,"trigger":0,"walkAnime":true}],"x":6,"y":8}
]
}